student_row_id,attendance,assignment_score,internal_marks,previous_semester_marks,study_hours,quiz_score,participation,assignment_completion,final_result
1,100.0,76.2,73.6,88.5,5.15,100.0,87.0,86.8,Average
2,75.9,65.8,56.5,60.2,2.39,38.6,66.0,57.3,Poor
3,50.1,60.9,51.0,71.9,2.26,57.7,25.0,65.7,Poor
4,89.0,90.0,84.3,79.5,3.09,86.2,100.0,100.0,Average
5,99.1,82.2,82.4,95.7,4.54,100.0,86.8,74.2,Good
6,65.9,65.4,51.0,50.1,3.05,49.4,68.7,76.0,Average
7,86.0,85.9,95.3,71.3,3.07,75.5,91.0,93.0,Good
8,67.5,42.6,36.7,23.4,1.29,68.5,46.6,54.7,Poor
9,100.0,76.4,68.1,75.6,4.28,93.0,59.7,100.0,Good
10,68.3,54.8,62.7,52.7,2.93,42.4,55.3,73.9,Average
11,91.5,81.6,56.3,76.0,2.37,88.4,84.4,81.5,Good
12,100.0,70.2,62.2,69.4,4.14,83.7,77.1,93.2,Good
13,75.6,74.0,78.6,96.7,3.48,83.5,79.8,100.0,Good
14,60.8,46.5,61.9,41.2,2.06,43.5,35.1,63.3,Poor
15,76.2,81.7,52.6,81.2,3.33,59.4,74.8,55.6,Average
16,69.2,73.6,77.4,77.4,1.68,59.7,38.1,59.5,Average
17,80.9,80.7,84.6,86.5,2.52,77.3,74.3,84.1,Good
18,63.0,57.5,68.7,64.0,2.69,67.4,68.3,84.4,Average
19,86.8,82.2,70.4,84.1,4.03,85.6,69.4,86.1,Good
20,94.4,86.9,75.0,89.8,2.69,87.8,87.1,87.2,Good
21,78.9,85.5,69.0,61.5,6.25,78.5,80.8,77.2,Good
22,60.1,63.3,46.5,41.4,0.31,26.7,51.7,63.1,Poor
23,75.9,29.9,58.9,58.7,0.5,46.4,37.1,57.6,Poor
24,65.3,57.6,45.2,35.3,1.78,44.2,12.8,66.0,Poor
25,74.9,52.4,63.9,29.1,2.09,44.1,75.7,80.1,Average
26,59.9,52.6,40.1,59.1,0.19,57.5,45.0,50.3,Poor
27,90.1,90.5,62.7,89.6,4.67,76.4,87.6,100.0,Good
28,84.9,78.2,75.5,99.8,4.73,85.7,92.4,92.1,Good
29,59.8,66.0,39.1,41.0,2.23,47.6,59.5,59.0,Average
30,79.3,64.5,61.0,58.1,3.6,55.1,60.6,70.7,Average
31,42.3,56.0,53.1,51.6,0.31,47.0,27.6,51.5,Poor
32,92.8,72.1,79.3,76.9,5.72,86.2,79.7,97.4,Good
33,88.1,81.7,81.2,75.4,3.4,75.0,79.6,85.1,Good
34,67.7,74.6,65.9,64.1,3.24,60.5,65.1,68.7,Average
35,92.6,76.1,66.1,45.4,4.16,100.0,99.9,85.9,Good
36,74.0,36.6,35.0,56.2,0.0,36.4,50.8,46.1,Poor
37,87.8,94.9,85.0,72.9,5.28,49.7,93.8,74.3,Good
38,48.9,46.4,56.5,49.5,1.48,30.9,31.6,80.2,Poor
39,55.5,53.4,79.5,82.4,2.19,48.4,87.2,90.7,Average
40,88.2,62.9,70.9,47.8,1.25,67.2,79.3,74.6,Average
41,65.4,73.3,70.5,82.3,2.11,69.4,61.3,86.8,Average
42,88.4,74.8,100.0,84.0,1.36,83.1,72.1,97.7,Good
43,54.0,52.7,36.1,49.2,1.61,46.3,29.7,57.9,Poor
44,44.3,68.6,34.2,49.6,1.91,37.2,54.1,37.8,Poor
45,89.9,68.3,80.9,81.2,2.96,82.7,80.7,79.7,Good
46,94.8,86.2,93.2,84.4,4.01,67.5,77.5,82.3,Good
47,59.6,41.4,48.8,36.4,1.36,59.6,50.6,49.2,Poor
48,79.0,73.6,78.6,79.6,6.37,70.0,91.8,88.1,Average
49,82.1,76.6,72.5,67.5,4.27,71.9,83.2,89.5,Good
50,73.6,50.7,40.8,27.7,0.96,40.0,55.5,61.5,Poor
51,71.5,68.1,68.7,69.1,2.91,63.0,57.4,68.0,Average
52,80.6,70.6,71.0,67.7,1.59,66.8,70.4,79.8,Average
53,99.3,72.2,76.9,72.2,6.23,83.2,92.4,76.6,Good
54,41.4,50.7,51.6,55.2,0.0,34.9,31.6,56.4,Poor
55,70.9,48.2,30.7,46.4,0.26,49.7,46.8,68.4,Poor
56,66.5,59.1,57.0,71.2,1.08,64.4,75.8,63.3,Average
57,84.5,71.9,96.8,73.5,5.9,97.7,92.0,86.1,Good
58,88.5,87.8,78.2,82.4,4.29,59.3,68.7,88.7,Good
59,88.7,60.0,89.1,80.8,5.6,49.1,100.0,88.7,Good
60,87.8,73.8,52.3,86.7,5.23,77.9,80.8,94.6,Average
61,72.0,98.5,86.2,76.4,4.59,68.6,100.0,91.2,Good
62,85.1,79.2,93.6,83.1,4.84,100.0,72.3,98.4,Good
63,73.8,68.4,81.7,73.8,2.51,72.4,46.6,75.2,Average
64,70.1,55.3,51.1,41.8,0.0,41.5,58.7,33.6,Poor
65,48.9,43.1,36.8,29.8,1.33,51.0,49.7,66.5,Poor
66,90.6,100.0,88.6,73.4,5.88,76.5,55.5,80.9,Good
67,63.8,48.0,49.7,35.5,0.67,38.5,54.1,78.5,Poor
68,59.1,52.3,46.0,46.5,3.35,58.2,52.4,56.6,Poor
69,85.9,89.7,99.3,89.4,3.82,68.8,100.0,90.5,Good
70,90.5,52.6,68.2,51.8,2.91,51.9,54.6,66.2,Average
71,71.8,63.1,65.5,57.9,2.16,71.1,54.3,49.1,Average
72,91.1,62.6,82.6,72.8,3.25,87.7,92.4,98.4,Good
73,82.0,58.8,54.0,62.9,3.25,63.5,39.5,59.6,Average
74,72.6,62.7,52.5,62.9,2.58,48.3,64.3,68.0,Average
75,76.7,63.9,88.0,71.8,2.93,48.0,43.3,73.8,Average
76,44.4,49.5,33.2,37.5,0.82,27.6,30.3,64.8,Poor
77,69.5,61.9,71.7,65.7,2.93,72.7,55.7,62.0,Average
78,71.0,69.9,45.7,49.6,0.99,63.6,82.5,99.0,Average
79,67.9,54.5,55.1,53.2,0.78,53.1,24.9,69.8,Poor
80,81.8,60.9,63.2,49.1,4.17,82.9,62.0,83.3,Average
81,66.6,80.6,82.1,72.8,2.39,53.1,49.2,76.8,Average
82,70.0,87.5,55.6,57.6,4.49,52.8,52.8,68.1,Average
83,82.6,44.3,53.8,39.2,0.0,42.0,39.5,49.4,Poor
84,68.5,69.2,64.6,38.6,3.15,64.4,66.6,100.0,Average
85,89.6,84.7,73.9,67.7,5.36,71.6,80.9,85.7,Good
86,95.4,90.9,93.4,77.2,5.15,77.6,83.9,88.8,Good
87,84.6,79.8,72.6,65.8,3.29,67.5,80.4,83.1,Good
88,63.7,67.6,73.7,67.5,2.51,73.0,24.9,78.8,Poor
89,64.6,58.3,57.2,50.4,3.65,59.2,64.6,62.6,Average
90,75.6,64.7,53.1,65.6,1.0,75.1,54.0,72.6,Average
91,80.7,82.8,49.4,55.5,2.27,65.1,49.5,75.5,Average
92,48.3,50.7,24.1,40.4,0.22,45.6,55.9,64.0,Poor
93,86.8,71.5,61.3,79.2,3.14,65.4,72.2,80.3,Good
94,65.5,66.9,57.0,59.0,4.14,76.7,43.1,80.8,Average
95,72.8,67.2,56.2,58.5,2.98,75.2,58.2,64.1,Average
96,73.0,71.4,84.7,44.8,4.08,63.1,48.3,52.7,Average
97,73.5,69.9,51.0,77.5,2.19,62.2,69.2,73.0,Average
98,83.2,87.6,80.1,87.7,3.22,77.4,75.3,76.8,Good
99,87.1,54.6,50.3,74.5,2.67,51.7,62.8,56.7,Average
100,81.6,83.2,76.2,93.5,0.49,93.0,95.0,71.3,Good
101,90.8,63.2,64.2,85.2,4.44,79.0,80.2,93.1,Good
102,99.7,81.7,68.0,71.4,5.38,87.0,77.1,86.7,Good
103,41.9,28.8,37.4,55.8,1.02,38.4,43.6,30.6,Poor
104,78.1,61.7,59.4,70.1,2.67,65.5,66.1,50.0,Average
105,86.6,77.3,67.9,58.8,5.35,81.8,64.5,78.3,Good
106,72.5,53.3,55.1,47.9,3.38,38.8,75.0,88.0,Average
107,97.9,95.1,86.0,64.4,6.49,68.4,83.6,83.2,Good
108,70.3,75.1,61.6,78.6,0.7,61.9,43.7,74.7,Average
109,70.0,81.4,45.4,52.9,2.19,43.9,57.7,91.6,Average
110,90.8,53.8,59.0,66.6,2.24,51.2,74.6,100.0,Average
111,91.9,91.9,53.0,65.9,5.07,100.0,80.2,83.4,Good
112,57.8,22.4,57.2,45.1,4.12,71.7,40.6,53.5,Poor
113,52.8,59.2,64.6,62.7,0.22,41.0,38.5,61.8,Poor
114,59.8,35.3,54.9,35.4,1.82,57.3,54.2,58.5,Poor
115,55.6,68.0,42.0,61.2,0.79,83.9,71.8,71.4,Average
116,92.5,58.2,46.1,41.3,3.08,41.3,55.2,75.7,Average
117,89.6,59.4,51.4,78.3,4.46,62.0,73.1,87.4,Average
118,79.1,92.3,68.2,74.5,4.97,70.3,81.3,78.0,Good
119,76.8,54.8,38.0,39.7,1.12,41.1,57.5,57.6,Poor
120,87.4,45.8,67.8,67.2,1.42,66.7,76.6,41.2,Average
121,65.5,100.0,63.7,58.9,5.63,100.0,96.6,95.1,Good
122,87.7,99.2,50.2,86.0,4.32,77.7,81.1,72.1,Good
123,54.8,55.5,58.5,82.8,2.91,47.3,66.3,49.9,Average
124,50.2,52.3,73.2,38.4,0.83,43.2,48.1,58.7,Poor
125,86.5,77.0,86.7,87.5,4.32,97.3,66.3,88.3,Good
126,100.0,97.2,72.1,81.4,4.89,83.9,73.4,84.0,Good
127,43.2,69.8,38.2,57.0,1.39,32.2,42.9,66.0,Poor
128,72.3,56.7,60.5,51.8,3.28,73.4,36.0,57.9,Average
129,40.6,42.2,44.0,49.9,2.06,50.3,40.5,52.2,Poor
130,74.0,74.9,59.7,76.4,2.65,64.1,43.5,73.7,Average
131,84.9,77.9,63.5,68.4,2.65,100.0,91.2,100.0,Good
132,47.1,48.4,28.6,55.4,1.67,49.9,43.0,60.8,Poor
133,88.5,85.0,95.8,82.6,4.95,92.8,75.6,82.4,Good
134,86.3,80.6,79.5,75.4,5.55,100.0,73.3,77.7,Good
135,45.1,44.6,59.3,57.7,0.0,48.2,17.3,55.7,Poor
136,73.9,76.2,87.7,63.2,4.61,66.1,85.6,89.7,Good
137,94.8,71.9,88.6,91.9,4.78,100.0,70.7,78.8,Good
138,90.3,92.8,97.3,88.2,1.62,66.9,72.5,90.2,Good
139,62.0,78.6,61.3,56.0,2.48,67.5,74.5,88.8,Average
140,65.8,73.2,85.3,74.8,4.72,74.4,81.0,88.6,Good
141,95.1,72.0,94.4,61.6,5.02,100.0,68.1,84.9,Good
142,82.2,93.3,75.3,72.6,2.86,85.7,100.0,80.4,Good
143,89.5,66.4,77.8,67.1,3.17,94.6,93.1,95.5,Good
144,74.0,88.7,64.9,96.3,1.29,99.7,82.5,89.1,Average
145,60.1,65.4,51.8,34.4,2.43,63.7,84.0,39.3,Poor
146,78.8,89.8,81.7,70.8,2.41,90.6,87.8,89.1,Good
147,67.0,67.2,49.8,57.6,2.65,58.3,58.8,63.1,Average
148,72.1,96.6,44.6,73.6,2.11,70.5,65.7,60.5,Average
149,85.7,68.3,97.0,61.3,3.58,82.4,97.3,77.1,Good
150,92.5,80.5,86.1,93.8,3.87,78.4,99.0,96.9,Good
151,71.0,44.6,46.7,34.0,0.42,45.2,57.4,51.4,Poor
152,59.9,47.3,57.9,49.5,1.39,30.9,46.0,69.5,Poor
153,71.5,83.7,76.7,61.3,3.35,58.0,37.8,58.0,Average
154,62.2,74.8,64.9,68.1,1.01,52.2,67.8,57.7,Average
155,41.4,35.0,20.7,45.8,0.66,32.4,42.1,60.1,Poor
156,63.8,57.8,56.4,77.1,0.0,96.5,73.7,72.9,Average
157,88.1,98.0,76.1,100.0,5.08,71.6,67.1,94.3,Good
158,76.5,37.6,52.4,79.9,1.66,49.1,57.4,96.9,Average
159,100.0,81.3,72.9,97.7,2.17,56.8,85.3,85.5,Good
160,83.1,86.4,78.6,89.1,4.36,82.7,75.6,89.5,Good
161,65.5,73.2,60.9,61.3,2.4,64.8,58.5,72.8,Average
162,74.5,62.2,69.5,56.8,3.26,47.2,61.6,95.2,Average
163,90.3,90.6,65.4,62.5,4.93,84.3,83.0,93.1,Good
164,64.1,57.2,76.1,77.8,2.04,62.5,48.2,85.2,Average
165,62.9,65.9,52.8,64.8,1.32,57.5,47.1,78.5,Average
166,82.2,67.4,97.1,88.1,3.24,100.0,91.8,87.1,Good
167,74.1,70.5,70.3,66.6,3.22,55.2,52.7,55.7,Average
168,90.2,50.0,65.1,54.7,2.77,62.2,51.7,76.3,Average
169,72.0,43.2,53.2,33.2,1.88,46.4,49.1,46.0,Poor
170,51.9,41.7,56.3,67.0,0.0,56.5,53.2,88.0,Average
171,65.9,63.4,54.3,58.6,0.22,64.3,60.0,59.4,Average
172,75.8,80.4,70.2,45.5,3.46,51.0,55.0,73.3,Average
173,41.3,54.2,67.4,52.0,1.45,44.1,22.6,74.0,Poor
174,73.7,69.7,65.4,76.1,1.25,54.6,50.0,80.8,Average
175,82.5,78.7,74.7,78.9,4.42,81.0,85.2,100.0,Good
176,85.6,89.9,95.5,77.8,6.48,65.8,59.6,89.5,Good
177,50.9,59.0,51.5,52.1,0.95,28.7,49.7,43.3,Poor
178,88.9,73.5,79.3,82.5,6.23,91.6,100.0,83.1,Good
179,92.7,74.0,81.1,68.7,3.34,65.5,68.9,77.8,Average
180,72.4,54.0,71.1,56.4,2.05,51.1,26.7,67.5,Average
181,82.5,77.7,82.1,80.7,5.12,100.0,77.9,82.8,Good
182,57.5,67.0,85.3,62.1,2.09,58.1,57.7,87.8,Average
183,53.9,51.2,43.2,31.8,1.64,20.6,16.3,65.3,Poor
184,65.4,30.9,33.4,42.2,2.31,48.6,30.4,50.7,Poor
185,63.7,47.4,59.4,59.7,2.85,56.1,66.6,95.2,Average
186,58.4,68.5,82.3,62.2,2.55,69.6,43.5,92.1,Average
187,77.5,66.7,56.5,64.5,3.09,39.5,75.1,65.6,Average
188,49.3,52.0,56.2,44.3,2.16,61.4,31.1,43.3,Poor
189,45.8,60.9,51.6,44.1,0.94,63.2,77.3,74.1,Average
190,93.7,73.6,62.8,59.1,2.32,68.0,44.6,84.5,Average
191,48.9,39.5,56.7,30.5,2.65,53.9,57.2,48.5,Poor
192,54.4,52.1,55.7,47.1,1.76,63.7,48.0,59.4,Poor
193,98.5,84.8,82.7,72.5,3.52,76.2,84.7,86.2,Good
194,80.7,69.7,55.9,81.5,0.99,72.1,73.0,61.3,Poor
195,74.6,54.1,53.7,75.7,3.16,61.6,54.6,43.7,Average
196,66.2,79.5,78.6,55.4,0.25,73.1,51.1,80.3,Average
197,36.7,33.3,20.1,46.0,1.06,40.1,29.4,38.6,Poor
198,73.7,94.6,66.8,51.0,2.19,42.5,59.0,59.2,Average
199,39.6,46.3,39.6,48.4,0.87,19.9,38.0,50.7,Poor
200,82.6,85.5,61.5,81.8,4.17,87.1,82.7,100.0,Good
201,85.8,74.5,68.0,73.9,6.72,88.0,73.1,95.2,Good
202,56.0,76.7,65.8,77.2,2.79,74.1,66.1,87.5,Average
203,65.0,68.4,25.3,25.6,0.64,51.0,49.5,70.0,Poor
204,94.5,77.9,98.0,72.6,4.51,91.3,63.0,74.2,Good
205,52.6,57.1,60.7,51.1,2.16,62.8,57.1,61.5,Average
206,78.3,74.3,59.8,61.2,0.63,58.1,71.6,77.5,Average
207,82.1,75.4,54.5,66.5,1.23,46.8,51.9,81.2,Average
208,76.0,73.6,68.0,80.4,2.29,69.4,45.8,65.0,Average
209,82.7,72.8,66.9,73.8,2.27,52.3,57.9,60.3,Average
210,84.4,68.4,70.6,78.1,1.08,61.6,53.1,49.6,Average
211,60.4,58.5,37.0,46.3,0.25,14.0,45.6,63.5,Poor
212,57.6,24.6,40.8,20.4,2.43,31.0,59.3,68.2,Average
213,59.9,60.9,34.4,51.2,1.09,54.2,41.5,49.6,Poor
214,90.2,99.4,78.0,80.1,5.05,83.1,74.6,91.7,Good
215,100.0,93.9,74.1,91.1,4.29,90.4,85.8,82.4,Good
216,87.4,85.6,82.5,81.6,6.46,86.0,77.1,98.7,Good
217,74.2,76.5,64.6,62.3,1.91,79.2,49.4,89.9,Average
218,80.4,78.6,82.6,87.7,3.53,79.0,66.7,79.2,Good
219,64.9,39.5,26.5,45.1,0.76,32.4,40.7,61.9,Poor
220,81.9,84.6,82.2,69.1,6.81,86.2,65.7,95.9,Good
221,82.0,93.4,72.3,97.1,5.15,75.6,100.0,84.5,Good
222,41.5,43.0,45.4,48.3,1.04,48.7,52.0,65.3,Poor
223,83.4,70.3,78.3,87.5,2.82,86.5,73.6,82.9,Good
224,79.3,52.4,72.0,78.9,1.07,51.9,73.2,73.5,Poor
225,78.8,71.7,51.8,59.3,2.26,60.5,64.3,88.6,Average
226,46.8,39.4,69.6,47.0,1.9,34.5,32.9,70.1,Poor
227,85.2,76.0,66.1,81.3,2.71,66.3,59.3,85.9,Average
228,66.5,83.9,84.9,53.6,1.7,71.5,55.0,69.4,Average
229,76.1,100.0,92.0,71.8,1.8,95.9,78.6,100.0,Good
230,67.8,63.3,62.2,57.0,2.51,53.7,45.3,78.1,Average
231,91.2,88.2,90.9,88.6,2.27,70.7,86.2,94.6,Good
232,78.1,56.1,62.5,60.2,2.66,78.0,71.4,56.0,Average
233,86.8,73.2,63.8,44.4,2.03,52.7,88.2,67.7,Average
234,51.3,39.3,48.8,66.8,1.33,56.0,24.9,57.2,Poor
235,54.8,46.7,59.6,34.1,0.51,56.4,35.3,67.6,Poor
236,80.6,78.5,83.5,70.8,3.05,83.7,82.9,85.4,Good
237,62.2,74.2,73.1,45.0,4.05,68.3,78.2,52.6,Average
238,67.9,81.0,66.6,65.3,2.98,49.5,73.5,69.0,Average
239,78.0,86.4,53.3,57.8,2.55,69.1,57.2,58.7,Average
240,68.1,64.3,86.1,59.3,1.91,54.9,69.7,67.6,Average
241,63.7,36.4,44.0,43.4,0.29,48.3,36.0,64.2,Poor
242,75.8,78.2,47.9,54.2,1.98,53.4,82.6,58.9,Average
243,66.4,61.8,78.6,34.6,3.7,65.7,44.3,56.0,Average
244,87.2,100.0,70.2,95.0,6.55,74.9,86.8,100.0,Good
245,97.4,76.1,93.5,79.2,7.11,73.4,100.0,91.8,Good
246,64.9,49.8,66.3,69.9,2.05,78.0,42.6,79.0,Average
247,55.9,39.0,56.9,44.4,1.67,38.3,34.6,56.2,Poor
248,74.1,56.7,38.9,75.1,3.35,62.6,63.0,84.0,Average
249,100.0,83.5,75.0,79.0,2.31,70.3,94.4,84.1,Good
250,100.0,86.5,65.1,87.1,7.17,92.4,61.8,85.6,Good
251,89.7,82.5,64.0,85.2,5.1,100.0,76.3,92.0,Good
252,86.0,89.9,84.2,76.2,3.01,64.3,74.6,97.7,Good
253,94.7,85.3,93.3,94.2,4.24,72.7,85.5,83.9,Average
254,43.4,32.0,26.4,54.9,2.27,66.2,54.0,71.3,Poor
255,90.3,72.1,86.0,58.7,4.11,67.7,72.2,90.4,Good
256,87.0,70.6,72.9,63.8,6.95,81.4,71.6,91.9,Good
257,79.7,62.4,63.4,46.1,1.97,61.4,94.1,55.5,Average
258,66.5,64.6,58.3,54.4,0.75,61.1,40.4,79.9,Average
259,81.0,78.5,87.9,63.5,4.52,95.4,60.7,91.7,Good
260,58.5,57.8,62.1,46.1,1.29,51.0,62.7,70.9,Average
261,65.7,60.5,57.2,63.7,1.4,74.3,60.0,69.9,Average
262,87.7,80.2,48.8,69.6,1.75,64.9,63.8,67.0,Average
263,53.1,62.3,57.3,58.0,0.79,31.0,35.0,57.7,Poor
264,99.0,88.4,76.5,66.4,3.68,93.0,100.0,100.0,Good
265,93.8,69.8,47.8,55.8,3.42,85.0,39.4,45.6,Average
266,73.6,42.2,48.9,25.4,0.0,54.1,42.9,71.5,Poor
267,69.9,70.1,73.9,61.2,1.95,63.7,49.1,97.2,Average
268,79.2,93.6,68.6,100.0,4.89,83.0,69.7,96.3,Good
269,94.0,94.9,81.0,62.7,4.76,73.8,73.7,95.3,Good
270,72.1,74.9,53.0,78.7,2.86,73.3,51.4,81.1,Average
271,75.7,55.5,78.4,69.7,1.81,56.7,63.9,76.0,Average
272,72.2,43.9,62.8,54.4,1.76,77.9,43.7,80.6,Average
273,94.6,83.9,77.7,73.7,2.13,73.1,74.5,99.5,Good
274,92.7,98.9,77.8,81.4,5.17,76.6,82.7,90.1,Good
275,65.0,79.6,49.8,71.8,3.28,82.1,54.7,79.3,Average
276,61.9,37.9,45.8,22.8,2.5,37.9,43.7,50.7,Poor
277,45.0,45.8,18.9,49.1,2.49,26.3,35.4,59.6,Poor
278,88.9,76.5,61.9,77.8,2.71,86.2,69.0,100.0,Good
279,81.2,83.7,82.8,97.6,5.53,74.7,69.2,94.4,Good
280,58.9,58.1,36.8,12.0,1.67,29.4,16.8,15.3,Poor
281,68.9,56.5,50.2,51.6,0.7,42.4,64.7,41.8,Poor
282,83.1,83.2,66.3,81.1,3.36,77.8,72.8,100.0,Good
283,56.4,58.2,53.3,54.0,0.48,21.1,37.9,69.0,Poor
284,67.5,49.9,66.6,61.3,2.85,56.1,75.9,58.6,Average
285,53.2,84.0,59.8,65.2,2.25,57.3,52.6,74.3,Average
286,73.6,50.3,58.5,63.5,1.8,59.6,58.8,68.9,Average
287,77.0,68.7,67.3,47.4,3.45,74.9,57.0,69.4,Average
288,89.1,64.3,55.2,45.3,0.32,44.6,63.5,76.6,Average
289,92.6,100.0,85.3,89.5,5.54,88.2,76.2,96.8,Good
290,71.3,64.2,84.7,46.8,2.86,78.4,89.5,64.7,Average
291,61.3,83.1,53.1,69.0,1.94,68.6,52.9,67.9,Average
292,73.7,75.4,79.1,77.5,3.57,87.9,67.2,88.7,Good
293,80.6,68.2,56.3,66.0,1.04,63.2,59.6,67.3,Average
294,96.1,85.4,87.9,83.9,3.04,74.8,89.0,95.5,Good
295,100.0,86.6,71.2,76.4,4.98,81.8,86.5,81.7,Good
296,69.7,82.6,69.2,58.7,3.07,58.3,75.3,74.8,Average
297,60.5,21.9,44.9,48.9,0.95,59.5,48.5,73.3,Poor
298,78.6,87.9,92.0,84.9,5.59,72.7,62.9,100.0,Good
299,70.6,29.6,64.6,42.5,0.98,21.3,37.1,40.4,Poor
300,65.5,62.5,76.0,64.1,1.72,67.3,45.7,78.9,Average
301,80.1,72.9,76.5,81.0,5.48,72.2,97.9,87.6,Good
302,48.2,44.2,35.6,43.9,2.64,53.6,54.2,35.2,Poor
303,58.6,63.1,37.0,38.2,2.19,49.1,22.9,47.4,Average
304,66.4,43.4,31.8,64.0,1.1,46.7,59.1,40.6,Poor
305,80.3,77.8,90.1,70.7,5.37,68.6,86.4,100.0,Good
306,88.8,69.3,53.4,67.9,0.0,62.0,64.3,82.0,Average
307,96.5,65.7,50.9,87.3,2.29,78.5,66.0,73.8,Average
308,66.6,62.5,45.0,57.7,3.4,56.9,68.3,67.5,Average
309,96.3,78.8,81.9,80.5,3.26,91.9,77.9,83.2,Good
310,82.6,87.2,68.0,80.3,5.27,94.5,78.8,88.2,Good
311,81.9,85.1,69.8,100.0,2.54,84.4,87.6,93.7,Good
312,50.1,55.6,45.3,30.1,0.31,46.4,42.0,46.9,Poor
313,67.4,62.8,60.7,53.8,2.11,45.0,53.6,66.3,Average
314,58.0,50.1,22.9,36.3,1.14,50.4,14.5,52.7,Average
315,76.2,50.0,72.3,48.4,2.91,68.9,50.9,77.6,Average
316,84.0,98.0,96.4,71.2,3.61,77.9,63.9,81.7,Good
317,67.6,58.3,68.4,58.1,2.15,70.1,35.2,87.1,Average
318,92.3,85.7,90.4,71.4,3.82,70.2,74.7,93.4,Good
319,69.5,54.4,68.6,54.0,4.68,75.1,62.8,83.4,Average
320,66.5,13.9,44.8,45.7,0.79,64.7,31.5,65.8,Poor
321,76.7,97.9,78.1,89.3,4.68,86.0,86.8,94.0,Good
322,71.1,60.4,52.6,68.7,0.85,70.5,47.0,60.2,Average
323,79.9,72.9,52.9,76.9,3.59,63.5,61.0,77.2,Average
324,53.5,30.8,38.7,52.9,2.37,30.7,38.2,52.9,Poor
325,89.5,96.5,67.9,89.5,6.04,79.7,54.5,84.5,Good
326,74.3,59.1,51.9,40.4,2.68,44.8,61.2,66.6,Average
327,76.3,69.1,67.3,40.8,1.99,71.3,59.4,51.7,Average
328,65.3,59.7,76.5,80.5,2.92,52.3,85.8,63.1,Average
329,62.4,86.0,48.9,64.1,3.41,48.2,62.4,82.2,Average
330,95.3,96.9,78.2,88.0,4.71,73.9,84.3,100.0,Good
331,58.3,33.8,58.0,68.1,3.62,56.9,54.7,85.0,Average
332,90.5,75.2,76.7,71.6,3.37,90.3,84.3,83.8,Good
333,95.8,87.5,80.7,81.0,7.56,80.4,82.4,99.5,Good
334,44.8,67.0,82.8,75.6,2.53,56.6,70.5,57.3,Average
335,58.2,70.7,69.3,61.3,3.54,58.3,67.3,56.7,Average
336,38.4,54.0,20.2,43.2,2.05,46.3,68.3,69.4,Poor
337,74.4,97.0,97.1,74.3,5.01,84.4,100.0,100.0,Good
338,93.3,94.2,88.0,82.6,5.69,93.9,96.6,95.8,Good
339,58.3,73.3,58.4,49.6,1.8,75.8,53.0,74.7,Average
340,86.1,62.0,60.3,58.7,4.39,79.9,88.8,67.9,Average
341,78.0,53.2,45.9,71.0,2.71,52.1,48.7,84.6,Average
342,57.4,34.9,33.2,35.4,1.3,36.5,49.4,15.0,Poor
343,68.8,50.4,58.5,64.9,1.24,51.5,64.5,69.4,Average
344,89.1,77.3,80.3,83.0,4.27,81.4,71.6,84.0,Good
345,78.4,72.9,67.8,62.2,3.04,68.5,55.4,62.5,Average
346,39.8,16.4,49.7,45.9,0.74,46.9,42.2,70.8,Poor
347,36.6,58.7,37.9,55.4,1.22,25.5,45.1,85.7,Poor
348,87.8,83.3,93.1,70.5,4.97,78.8,77.4,99.9,Good
349,68.5,60.5,57.7,48.2,2.16,55.8,21.9,96.7,Average
350,66.8,67.6,68.5,67.2,2.38,70.2,66.3,53.9,Average
351,91.9,89.6,80.9,73.0,3.04,81.9,67.1,63.7,Average
352,74.7,48.3,79.2,49.2,2.54,49.9,52.3,59.1,Average
353,93.4,91.4,87.3,80.1,4.35,80.3,71.0,87.5,Good
354,58.2,47.9,35.2,56.9,1.4,44.2,30.3,73.2,Poor
355,46.6,65.1,43.9,36.3,2.1,40.6,52.9,50.9,Poor
356,72.8,80.9,68.1,64.9,4.45,96.3,91.0,75.9,Good
357,61.6,46.4,43.3,47.1,1.52,83.5,53.2,72.3,Average
358,67.6,61.1,54.5,47.7,1.8,64.0,67.7,62.8,Average
359,55.1,71.8,56.0,48.9,1.61,60.0,52.1,41.3,Average
360,54.4,50.9,41.5,63.3,1.02,46.8,57.9,44.1,Poor
361,88.0,69.3,95.5,86.7,3.89,81.3,82.5,71.6,Good
362,50.2,56.4,38.8,45.9,3.15,26.9,18.9,66.0,Poor
363,82.4,100.0,86.8,70.8,5.09,91.7,87.5,75.9,Good
364,86.4,82.2,66.9,61.2,6.43,71.7,68.1,70.6,Good
365,77.7,70.5,43.2,56.0,1.43,55.2,57.8,63.9,Average
366,76.4,71.3,65.2,60.9,2.78,34.1,68.9,71.6,Average
367,81.5,79.3,78.2,83.8,4.45,66.3,84.6,95.5,Good
368,71.6,65.6,72.3,37.3,1.63,64.3,75.6,63.6,Average
369,54.3,74.8,49.7,70.0,2.32,51.5,54.7,78.9,Average
370,52.6,77.1,57.7,52.5,3.06,57.7,73.8,78.0,Average
371,51.2,46.5,40.2,32.8,0.84,47.2,42.4,57.6,Poor
372,83.9,55.3,61.6,85.4,5.3,85.7,68.4,89.6,Good
373,82.8,88.5,97.4,81.3,2.53,85.9,94.4,84.5,Good
374,90.7,73.7,74.3,89.6,4.36,65.2,91.0,84.0,Good
375,81.9,58.1,48.5,59.8,1.42,61.3,76.1,64.1,Average
376,70.2,77.5,69.5,29.7,3.02,64.1,59.8,64.9,Average
377,61.0,40.9,43.4,47.9,0.0,34.7,60.6,67.4,Poor
378,55.1,23.0,46.9,73.6,0.88,35.3,47.9,59.4,Poor
379,48.3,62.1,30.9,52.9,2.26,49.8,40.4,47.6,Poor
380,35.2,57.0,20.2,47.3,0.0,40.2,64.4,60.0,Poor
381,48.9,54.1,26.2,32.8,2.49,39.8,61.9,53.9,Poor
382,65.4,69.0,48.8,68.3,2.8,41.4,44.9,66.3,Average
383,100.0,92.2,79.7,69.9,5.18,85.3,90.7,95.7,Good
384,38.8,45.2,42.0,54.5,1.24,51.5,52.1,85.2,Poor
385,72.7,49.0,59.6,53.7,2.65,76.7,35.6,71.5,Average
386,69.0,68.8,80.1,71.4,2.76,67.1,60.6,77.3,Average
387,93.8,97.1,68.4,84.5,5.68,61.7,65.8,71.6,Good
388,66.1,44.9,68.6,77.1,2.15,72.5,81.0,87.1,Average
389,91.6,89.1,73.7,94.3,2.48,64.9,82.7,99.4,Good
390,48.5,48.3,44.4,28.0,0.35,37.3,16.5,55.7,Poor
391,75.9,70.2,55.2,54.2,2.18,52.1,70.9,65.2,Average
392,64.5,58.0,54.0,50.3,4.64,76.6,85.0,54.1,Average
393,58.1,38.1,48.3,61.3,0.66,69.2,36.2,55.5,Average
394,66.5,70.0,58.0,54.4,1.03,42.7,54.9,72.1,Average
395,54.5,41.4,47.0,58.3,1.65,33.5,52.7,46.1,Poor
396,57.1,59.2,54.9,69.9,1.14,70.3,77.8,79.0,Average
397,54.4,66.6,43.0,70.4,2.2,66.6,48.8,86.6,Average
398,63.1,49.5,42.3,63.7,1.77,63.4,24.9,54.5,Poor
399,78.2,50.0,76.3,64.9,1.89,63.6,36.9,75.3,Average
400,46.4,47.6,45.2,52.7,0.0,51.1,7.8,46.2,Poor
401,41.0,55.1,36.3,44.7,0.79,34.5,42.9,52.0,Poor
402,73.8,55.1,46.0,64.8,3.51,67.2,60.0,62.3,Average
403,86.5,83.6,92.3,68.0,4.72,76.7,80.3,100.0,Good
404,95.7,75.6,77.2,80.1,3.85,98.7,85.9,96.6,Good
405,75.6,66.4,62.1,48.9,3.9,81.9,38.1,56.7,Average
406,50.4,46.1,40.6,30.8,0.56,50.3,47.2,57.4,Poor
407,92.7,48.7,76.9,74.6,1.23,73.1,64.4,67.0,Average
408,57.1,54.4,61.7,63.0,1.06,88.5,79.7,77.8,Average
409,76.9,62.2,61.6,65.6,2.39,37.6,57.0,58.9,Average
410,75.4,100.0,65.3,69.4,3.19,90.8,76.5,100.0,Good
411,51.8,36.7,48.0,37.4,2.53,40.6,35.6,48.4,Poor
412,83.7,46.7,74.4,74.4,1.1,57.5,45.6,67.2,Average
413,64.9,57.4,52.9,52.8,2.23,54.1,68.9,89.3,Average
414,58.2,41.6,55.1,30.7,0.39,32.4,57.0,68.2,Poor
415,100.0,88.1,79.1,62.6,2.71,77.6,72.7,88.3,Good
416,80.8,75.1,49.3,62.6,1.52,48.2,57.2,66.0,Average
417,85.7,79.8,78.2,76.6,5.22,81.6,88.8,89.3,Good
418,64.2,65.3,39.3,71.6,0.58,78.5,55.7,67.2,Average
419,73.5,94.8,70.9,68.1,4.48,93.6,67.8,90.6,Good
420,58.7,55.0,43.8,46.3,1.57,41.2,61.1,66.8,Poor
421,74.4,58.6,36.2,60.5,3.87,72.2,72.6,86.1,Average
422,84.5,62.2,66.2,64.9,2.15,70.9,70.3,47.3,Average
423,97.7,70.7,80.5,69.3,5.87,64.2,73.3,93.4,Good
424,93.8,96.6,81.2,84.8,4.07,96.8,71.9,100.0,Good
425,71.1,44.1,60.9,30.1,1.73,35.2,24.6,58.1,Poor
426,81.7,59.8,62.0,76.6,0.88,46.6,52.4,83.5,Average
427,73.8,83.0,54.9,82.0,3.15,68.1,63.0,66.8,Average
428,70.6,72.4,65.3,53.7,1.95,53.2,74.0,70.3,Average
429,57.2,44.4,42.4,56.2,0.26,67.3,19.3,46.6,Poor
430,62.8,42.8,49.9,53.6,1.6,34.1,44.9,60.1,Poor
431,69.7,62.3,62.3,67.3,3.26,54.9,44.4,56.5,Average
432,82.1,76.7,75.5,81.7,4.93,74.7,79.7,100.0,Good
433,65.1,54.2,45.3,43.4,1.13,6.0,45.7,48.2,Poor
434,56.5,57.5,76.1,51.2,1.79,67.1,70.2,66.7,Average
435,46.0,34.4,49.2,36.9,1.29,38.2,19.8,23.8,Poor
436,83.8,84.6,63.1,61.5,3.19,78.7,83.7,100.0,Good
437,80.5,87.2,72.9,84.0,4.48,64.3,98.6,100.0,Good
438,49.1,36.8,42.9,36.0,0.82,48.1,47.5,42.4,Poor
439,75.1,92.6,42.8,61.6,3.0,63.4,58.5,53.1,Average
440,84.7,69.7,64.8,89.8,3.55,84.8,79.4,94.3,Good
441,47.7,70.7,45.6,56.2,0.65,48.4,47.0,28.5,Poor
442,95.7,80.2,78.8,66.0,4.17,77.8,83.9,82.6,Good
443,92.9,90.4,72.7,48.5,3.44,85.3,62.3,91.7,Good
444,73.0,88.0,71.7,83.3,3.13,61.1,60.5,90.4,Good
445,78.1,78.1,43.4,65.5,1.75,61.1,64.5,63.7,Average
446,94.5,69.6,73.2,82.4,2.49,88.8,77.1,86.6,Good
447,74.3,70.1,74.9,63.1,2.64,57.7,63.5,65.5,Average
448,74.3,95.9,72.9,100.0,3.41,83.0,98.5,100.0,Good
449,80.1,79.0,70.2,49.5,2.08,61.9,67.8,78.7,Average
450,78.2,78.5,92.3,78.6,7.45,85.3,82.3,87.2,Good
451,90.7,84.9,79.1,74.4,2.22,76.4,75.9,82.8,Good
452,89.0,89.3,96.4,63.4,7.19,59.5,78.2,95.3,Good
453,83.8,94.0,79.7,65.1,3.2,88.5,71.2,91.9,Average
454,87.9,88.4,80.3,66.3,5.88,79.3,79.7,81.6,Good
455,98.7,68.5,85.6,84.7,3.78,96.1,78.2,91.1,Good
456,67.7,64.8,69.0,62.1,1.82,60.8,58.9,65.2,Average
457,53.6,51.7,38.7,63.2,1.58,44.5,24.3,36.6,Poor
458,75.2,63.5,40.2,33.8,1.51,45.0,47.6,57.7,Poor
459,73.1,71.1,63.5,80.6,1.62,64.1,50.3,52.8,Average
460,52.5,27.9,49.9,55.6,1.4,40.1,50.7,64.5,Poor
461,82.8,83.3,100.0,75.9,5.81,73.3,79.6,100.0,Good
462,89.1,87.7,86.8,64.6,2.05,95.1,84.0,83.3,Good
463,54.2,73.2,51.2,64.6,4.58,51.9,27.1,66.3,Average
464,69.6,53.4,56.5,44.2,1.87,47.4,30.6,59.5,Poor
465,80.2,59.0,61.7,55.0,4.21,58.5,83.8,80.6,Average
466,47.6,67.9,42.1,47.0,2.16,59.3,41.6,49.6,Poor
467,78.6,60.4,100.0,64.9,3.89,78.0,83.7,97.3,Good
468,43.8,43.3,47.1,61.8,1.74,33.8,75.3,58.7,Poor
469,46.4,34.5,41.9,40.5,1.92,21.7,43.6,62.8,Poor
470,93.6,88.9,78.9,67.1,4.31,73.6,91.7,88.7,Good
471,57.3,41.3,38.4,55.4,2.26,40.7,38.6,62.0,Poor
472,54.9,51.7,66.8,42.9,1.45,37.9,32.0,46.8,Poor
473,98.7,100.0,85.4,80.6,4.47,77.1,84.1,87.3,Good
474,80.6,53.8,68.2,59.1,3.23,38.6,58.7,62.2,Average
475,80.0,60.4,34.4,64.2,2.78,66.4,76.1,56.1,Average
476,75.7,61.6,53.8,52.2,2.89,75.5,51.7,76.0,Average
477,58.8,59.5,73.7,67.7,3.38,67.7,45.7,65.7,Average
478,76.3,70.6,74.7,92.4,2.73,56.4,59.7,47.0,Average
479,62.5,53.3,73.5,80.8,2.19,60.1,60.9,85.1,Average
480,87.9,70.4,88.0,63.6,4.49,59.4,64.1,91.8,Good
481,69.0,66.7,72.1,52.5,1.58,58.7,42.5,59.3,Average
482,52.9,52.6,53.3,50.2,1.79,43.2,27.6,69.8,Poor
483,54.4,53.9,48.5,23.1,0.19,55.2,41.3,47.7,Poor
484,73.3,58.2,64.6,79.5,3.06,49.4,58.6,59.5,Average
485,96.4,76.3,80.1,71.9,3.59,77.6,82.7,85.7,Good
486,57.8,74.8,57.7,63.6,4.07,71.9,56.5,58.4,Average
487,72.6,50.8,55.3,51.9,3.66,57.6,73.9,77.9,Average
488,31.3,72.5,48.5,37.7,1.34,46.1,34.3,57.8,Poor
489,69.5,48.2,37.8,43.4,1.93,37.0,33.3,51.9,Poor
490,75.7,62.3,70.4,82.9,2.15,51.3,74.4,68.4,Average
491,53.2,58.6,62.7,52.0,1.27,54.7,63.8,67.6,Average
492,84.0,72.3,77.1,95.8,2.28,63.3,97.7,88.1,Good
493,93.0,93.9,88.2,82.1,4.1,62.7,85.2,91.9,Good
494,76.5,65.5,63.1,54.7,3.07,66.6,66.4,63.2,Average
495,76.6,62.1,71.1,68.8,1.27,73.9,53.0,80.5,Average
496,100.0,91.7,78.9,93.3,4.31,71.5,98.3,94.9,Good
497,74.1,44.6,69.6,65.3,3.0,73.6,64.8,71.9,Average
498,95.9,84.0,100.0,68.1,3.02,74.4,54.5,85.3,Good
499,99.4,74.2,83.9,85.5,2.9,80.3,41.1,80.8,Good
500,59.7,63.4,68.5,81.8,3.08,59.3,46.7,86.0,Average
501,72.9,82.0,49.4,45.9,2.48,62.6,62.3,73.2,Average
502,65.4,65.9,68.0,78.0,3.07,70.7,61.1,88.3,Average
503,86.4,97.1,71.9,68.2,3.52,70.5,81.5,100.0,Good
504,88.7,67.9,90.0,71.6,2.02,76.3,98.0,97.7,Good
505,81.0,79.4,73.7,77.9,7.44,60.5,88.2,75.5,Good
506,67.8,18.9,16.4,41.0,2.19,25.2,3.9,63.0,Poor
507,57.0,57.2,25.6,50.6,2.04,39.0,52.1,94.4,Poor
508,70.8,44.3,57.0,63.0,2.48,50.7,76.5,58.7,Average
509,65.1,37.9,27.0,45.9,1.12,50.6,55.3,54.2,Poor
510,72.0,71.6,47.1,36.7,1.69,48.6,53.4,68.1,Average
511,55.2,60.7,65.1,66.9,1.74,62.4,27.7,61.4,Average
512,90.0,99.2,69.7,60.0,2.89,71.8,55.8,93.3,Average
513,63.3,82.9,59.9,79.5,3.05,60.5,53.2,65.6,Average
514,72.7,60.5,62.0,61.6,0.4,78.4,60.5,75.8,Average
515,57.4,23.0,51.6,40.4,2.93,34.7,21.0,48.4,Poor
516,98.0,70.6,85.7,65.4,3.33,100.0,77.7,92.0,Good
517,78.7,79.9,69.4,61.8,5.5,100.0,63.2,95.1,Good
518,61.6,41.4,57.0,41.0,0.5,34.9,20.0,61.6,Poor
519,100.0,86.8,79.4,78.3,5.06,69.7,76.9,75.0,Good
520,62.2,46.1,37.3,67.0,0.43,44.4,51.5,32.2,Poor
521,55.1,53.8,41.8,25.0,0.81,53.5,39.1,51.6,Average
522,85.8,72.0,72.7,85.3,4.9,70.2,81.2,96.8,Good
523,88.5,100.0,76.9,80.3,4.15,68.1,93.7,96.8,Good
524,90.1,64.9,82.6,86.2,1.41,85.1,94.7,79.1,Good
525,88.9,88.5,70.0,100.0,2.79,67.6,93.9,97.1,Good
526,67.5,32.0,40.8,37.7,1.54,58.8,35.2,21.5,Poor
527,76.1,54.2,63.6,66.9,1.92,63.9,47.5,67.3,Average
528,100.0,95.3,90.3,83.5,5.29,74.9,70.2,90.0,Good
529,75.3,85.2,60.5,58.2,2.28,58.7,70.4,49.0,Average
530,100.0,83.3,92.0,77.7,7.09,100.0,77.0,98.7,Good
531,81.7,50.6,69.8,76.6,2.73,74.0,86.2,83.3,Average
532,62.7,50.1,46.3,74.2,1.61,78.9,53.0,47.8,Average
533,77.9,75.3,45.3,53.6,1.45,51.7,70.8,67.5,Average
534,67.8,46.2,51.4,57.1,2.3,56.7,54.3,50.6,Poor
535,50.0,45.8,33.1,46.6,0.47,30.6,46.4,58.0,Poor
536,54.8,62.4,31.9,8.9,1.45,47.5,21.0,41.3,Poor
537,72.2,67.5,49.1,55.2,1.89,58.5,76.7,77.2,Average
538,90.9,79.2,75.8,59.8,5.44,80.1,77.8,100.0,Good
539,78.1,58.3,83.3,100.0,4.19,90.2,81.0,89.1,Good
540,80.1,70.0,76.0,49.0,4.13,78.8,69.6,93.2,Average
541,61.5,57.7,33.1,52.0,0.43,45.2,26.6,29.9,Poor
542,87.6,89.4,66.7,81.2,4.43,86.4,83.5,100.0,Good
543,69.3,51.7,67.3,64.8,2.09,53.7,73.6,91.5,Average
544,83.8,88.0,73.9,71.9,4.54,60.0,59.3,84.9,Good
545,49.2,34.1,55.2,52.0,1.3,48.6,47.2,73.0,Poor
546,85.0,100.0,76.1,60.5,3.86,78.0,47.6,89.5,Good
547,88.2,97.5,78.1,82.0,2.71,85.7,77.8,98.9,Good
548,98.5,82.1,68.2,82.1,4.48,74.4,80.8,86.5,Good
549,45.1,40.4,47.3,50.6,0.13,56.6,50.4,45.1,Poor
550,79.6,67.3,48.8,56.1,1.63,61.2,65.5,75.4,Average
551,52.6,56.9,50.1,50.2,0.89,48.4,41.4,61.4,Poor
552,86.2,75.8,72.6,57.0,1.32,72.5,71.4,89.1,Average
553,83.1,73.4,81.2,66.2,4.77,62.3,92.3,94.3,Good
554,76.5,49.6,67.0,38.9,2.99,71.7,52.3,71.6,Average
555,77.7,56.2,72.8,55.1,2.58,71.0,59.6,75.9,Average
556,81.9,86.5,49.5,67.5,1.79,60.8,94.4,50.5,Average
557,86.5,86.4,99.7,78.9,4.56,80.2,57.0,89.8,Good
558,73.6,97.8,67.0,58.6,3.31,67.3,65.5,77.9,Average
559,81.4,71.4,61.6,68.4,1.52,71.4,81.4,83.9,Average
560,52.1,81.9,47.3,59.1,1.83,68.5,39.2,76.0,Average
561,77.1,88.6,95.8,90.4,3.9,97.4,81.8,87.0,Average
562,52.6,43.1,38.6,50.5,0.0,59.4,34.3,65.1,Poor
563,44.0,30.3,36.1,61.3,2.06,46.9,23.1,52.3,Poor
564,52.7,41.1,62.7,38.6,0.27,52.0,32.7,41.7,Poor
565,43.5,13.9,35.3,58.5,1.67,41.3,42.7,45.4,Poor
566,77.6,60.9,67.1,61.7,3.54,61.4,37.0,86.4,Average
567,46.9,60.9,19.0,32.7,0.34,27.8,22.4,60.8,Poor
568,81.5,61.5,78.1,75.7,6.32,87.9,67.7,100.0,Good
569,41.1,28.8,30.4,48.9,0.4,50.2,43.5,27.4,Poor
570,61.3,39.6,65.1,24.1,2.38,41.3,54.2,56.1,Average
571,87.0,79.6,85.8,85.3,3.46,74.7,76.7,69.3,Good
572,57.6,45.1,45.1,43.1,1.05,46.5,30.1,40.8,Poor
573,43.1,51.4,34.9,53.6,1.17,24.9,48.5,46.9,Poor
574,69.6,43.0,70.0,48.4,2.37,65.1,77.7,53.0,Average
575,85.8,73.7,69.2,68.0,4.09,84.8,83.3,97.4,Good
576,62.2,55.9,95.4,75.7,0.81,47.5,66.3,77.1,Average
577,43.6,57.8,44.2,47.9,1.27,42.2,58.5,53.8,Poor
578,89.2,80.3,86.8,87.5,3.1,66.4,58.0,94.6,Good
579,69.2,65.0,49.2,68.6,3.27,57.0,53.9,73.5,Poor
580,83.6,69.7,80.5,57.5,4.65,79.4,74.4,75.6,Good
581,82.8,66.5,41.4,49.7,2.1,65.4,59.3,85.8,Average
582,81.9,76.7,68.9,66.0,4.24,62.0,44.6,75.8,Average
583,43.2,50.1,53.1,65.3,2.0,53.1,43.8,60.4,Poor
584,49.2,61.7,65.7,49.3,2.72,59.8,82.8,90.4,Poor
585,79.8,74.8,54.6,62.4,3.05,59.7,73.9,100.0,Average
586,100.0,77.0,90.9,76.6,3.96,90.7,87.8,75.8,Good
587,90.4,68.0,67.1,88.6,4.14,88.5,80.3,90.3,Good
588,83.4,55.7,69.0,64.2,2.59,76.0,69.5,73.8,Average
589,90.9,68.2,89.2,75.0,3.47,92.5,71.5,77.3,Good
590,66.9,32.9,53.8,54.1,1.07,48.1,56.4,67.2,Poor
591,88.3,62.6,53.7,54.8,1.1,53.4,55.2,51.7,Average
592,52.4,74.3,57.1,61.0,2.67,64.1,69.2,64.3,Average
593,43.0,20.2,55.3,37.1,0.0,45.7,53.3,53.3,Poor
594,87.6,66.3,80.4,69.5,5.38,73.8,74.6,73.0,Good
595,79.2,90.7,91.7,68.0,5.55,85.5,89.9,100.0,Good
596,71.2,78.1,79.2,95.4,4.66,78.6,90.0,70.1,Good
597,82.3,76.2,72.1,70.9,3.31,94.1,97.0,84.9,Good
598,62.0,67.7,68.5,74.5,4.04,50.8,49.5,53.7,Average
599,69.3,36.4,59.0,61.3,1.19,56.3,79.9,78.6,Average
600,90.4,91.8,79.9,88.7,3.48,96.5,100.0,86.7,Good
